run,freq_Hz,period_s,idd_A
1,4.9839E+06,2.00646E-07,0.000129246
2,5.85498E+06,1.70795E-07,0.000129761
3,5.91959E+06,1.6893E-07,0.000129117
4,5.51285E+06,1.81394E-07,0.000130887
5,6.35264E+06,1.57415E-07,0.000125652
6,6.13287E+06,1.63056E-07,0.000124039
7,5.93941E+06,1.68367E-07,0.000129536
8,6.2488E+06,1.60031E-07,0.000127207
9,5.84581E+06,1.71063E-07,0.000133601
10,5.00071E+06,1.99972E-07,0.000128168
11,5.90606E+06,1.69318E-07,3.31551E-05
12,6.11397E+06,1.6356E-07,0.00012864
13,5.03101E+06,1.98767E-07,0.000131082
14,6.31796E+06,1.58279E-07,0.00012889
15,5.50629E+06,1.81611E-07,0.000121955
16,6.55432E+06,1.52571E-07,0.000130234
17,5.99447E+06,1.6682E-07,0.000130932
18,4.88448E+06,2.0473E-07,0.000127761
19,5.03916E+06,1.98446E-07,0.000118333
20,5.61444E+06,1.78112E-07,0.000126274
21,5.65918E+06,1.76704E-07,0.00012777
22,4.94323E+06,2.02297E-07,0.00012328
23,4.95041E+06,2.02003E-07,0.000135156
24,5.41773E+06,1.84579E-07,0.000127166
25,5.29751E+06,1.88768E-07,0.000134255
26,5.32721E+06,1.87715E-07,0.000127361
27,5.85769E+06,1.70716E-07,0.00012973
28,5.08397E+06,1.96697E-07,0.0001297
29,6.15046E+06,1.62589E-07,0.000133111
30,5.72437E+06,1.74692E-07,0.000128185
31,4.80367E+06,2.08174E-07,0.00012745
32,0,0,0
33,7.36678E+06,1.35744E-07,0.000128677
34,5.94953E+06,1.6808E-07,0.000129613
35,5.54452E+06,1.80358E-07,0.000129399
36,5.32515E+06,1.87788E-07,0.000125483
37,6.09011E+06,1.64201E-07,0.000135586
38,5.54152E+06,1.80456E-07,0.000130643
39,6.00588E+06,1.66503E-07,0.000129862
40,5.13378E+06,1.94788E-07,0.000127233
41,0,0,0
42,5.47917E+06,1.82509E-07,0.000124499
43,7.12595E+06,1.40332E-07,0.000126176
44,6.38729E+06,1.56561E-07,0.000123927
45,5.53989E+06,1.80509E-07,0.000122202
46,6.66176E+06,1.5011E-07,0.000123058
47,6.7039E+06,1.49167E-07,0.000128326
48,6.68176E+06,1.49661E-07,0.00013212
49,6.539E+06,1.52929E-07,0.000134556
50,5.88407E+06,1.6995E-07,0.000128296
51,6.35274E+06,1.57413E-07,0.000131049
52,5.06136E+06,1.97575E-07,0.00012935
53,6.3037E+06,1.58637E-07,0.000128621
54,5.56867E+06,1.79576E-07,0.000125218
55,5.7682E+06,1.73364E-07,0.000125518
56,5.16568E+06,1.93585E-07,0.000125478
57,6.24998E+06,1.60001E-07,0.000131881
58,6.19287E+06,1.61476E-07,0.000130319
59,6.09409E+06,1.64093E-07,0.000130404
60,5.10905E+06,1.95731E-07,0.000127422
61,6.31716E+06,1.58299E-07,0.00013105
62,6.02209E+06,1.66055E-07,0.000124903
63,6.10483E+06,1.63805E-07,0.000130943
64,6.23861E+06,1.60292E-07,0.000126324
65,5.65627E+06,1.76795E-07,0.000134789
66,4.85025E+06,2.06175E-07,0.000126005
67,5.89722E+06,1.69571E-07,0.00012724
68,6.297E+06,1.58806E-07,0.000131711
69,5.57497E+06,1.79373E-07,0.000129875
70,5.84722E+06,1.71021E-07,0.000128828
71,5.95945E+06,1.67801E-07,0.000132787
72,6.15399E+06,1.62496E-07,0.000131391
73,6.06784E+06,1.64803E-07,0.000129281
74,6.04328E+06,1.65473E-07,0.000132822
75,4.93225E+06,2.02747E-07,0.000127371
76,6.60481E+06,1.51405E-07,0.000125873
77,4.44514E+06,2.24965E-07,0.000131078
78,6.48218E+06,1.54269E-07,0.000131313
79,5.27544E+06,1.89558E-07,0.000124947
80,6.07583E+06,1.64587E-07,0.000131037
81,5.24587E+06,1.90626E-07,0.000131921
82,6.92327E+06,1.4444E-07,0.000127924
83,5.74724E+06,1.73997E-07,0.000128021
84,5.98333E+06,1.67131E-07,3.2583E-05
85,5.51678E+06,1.81265E-07,0.000126716
86,5.70649E+06,1.75239E-07,0.000124874
87,6.0899E+06,1.64206E-07,0.000133106
88,5.45736E+06,1.83239E-07,0.000133191
89,5.43079E+06,1.84135E-07,3.92847E-05
90,5.75758E+06,1.73684E-07,0.000127641
91,6.95751E+06,1.4373E-07,0.000129778
92,5.47195E+06,1.8275E-07,0.000130794
93,5.14076E+06,1.94524E-07,0.00013256
94,6.19014E+06,1.61547E-07,0.000127676
95,6.05969E+06,1.65025E-07,3.49967E-05
96,5.92887E+06,1.68666E-07,0.000135939
97,6.34771E+06,1.57537E-07,0.000127826
98,6.83745E+06,1.46253E-07,0.000130069
99,6.35432E+06,1.57373E-07,0.000127713
100,5.71744E+06,1.74903E-07,0.000132062
101,5.82744E+06,1.71602E-07,0.000126613
102,5.94996E+06,1.68068E-07,0.000128247
103,5.95784E+06,1.67846E-07,0.00013239
104,5.26134E+06,1.90066E-07,0.00012477
105,5.4458E+06,1.83628E-07,0.000126573
106,5.95855E+06,1.67826E-07,0.000124237
107,6.66101E+06,1.50127E-07,0.000132671
108,5.97972E+06,1.67232E-07,0.000129893
109,5.67879E+06,1.76094E-07,0.000124066
110,5.16204E+06,1.93722E-07,0.000131
111,5.60561E+06,1.78393E-07,0.000131547
112,6.03944E+06,1.65578E-07,0.000128093
113,5.74708E+06,1.74001E-07,0.000129031
114,5.73364E+06,1.74409E-07,0.000128653
115,5.75221E+06,1.73846E-07,0.000129304
116,7.26857E+06,1.37579E-07,0.00012652
117,6.63723E+06,1.50665E-07,0.000134022
118,0,0,0
119,6.16629E+06,1.62172E-07,0.000120519
120,5.54551E+06,1.80326E-07,3.47462E-05
121,6.0267E+06,1.65928E-07,0.000125053
122,5.34719E+06,1.87014E-07,0.000120975
123,6.01515E+06,1.66247E-07,0.000135255
124,6.05632E+06,1.65117E-07,0.00013343
125,5.48991E+06,1.82152E-07,0.000125478
126,6.12828E+06,1.63178E-07,0.00012838
127,5.85261E+06,1.70864E-07,0.000130696
128,5.92508E+06,1.68774E-07,0.0001276
129,6.15404E+06,1.62495E-07,0.000138714
130,4.63428E+06,2.15783E-07,0.000131554
131,6.17706E+06,1.61889E-07,0.000127951
132,3.65941E+06,2.73268E-07,3.83839E-05
133,5.69799E+06,1.755E-07,0.000123233
134,5.71519E+06,1.74972E-07,0.000133887
135,5.44416E+06,1.83683E-07,0.000133255
136,5.24647E+06,1.90604E-07,0.00013157
137,5.36799E+06,1.86289E-07,0.000126763
138,6.12832E+06,1.63177E-07,0.000120175
139,6.05876E+06,1.6505E-07,0.000124899
140,5.4184E+06,1.84556E-07,0.000129624
141,5.50139E+06,1.81772E-07,0.000128282
142,5.42962E+06,1.84175E-07,0.000123819
143,5.91173E+06,1.69155E-07,0.0001288
144,7.05847E+06,1.41674E-07,0.000125822
145,5.63964E+06,1.77316E-07,0.000126095
146,5.55368E+06,1.80061E-07,0.000129287
147,6.34593E+06,1.57581E-07,0.000126824
148,5.89622E+06,1.696E-07,0.000127928
149,5.28889E+06,1.89076E-07,0.000130608
150,6.11274E+06,1.63593E-07,0.000134166
151,6.11586E+06,1.63509E-07,0.000122767
152,6.8531E+06,1.45919E-07,0.000134162
153,7.06185E+06,1.41606E-07,0.000133612
154,6.10238E+06,1.6387E-07,0.000132457
155,6.32702E+06,1.58052E-07,0.00013132
156,5.25568E+06,1.9027E-07,0.000125264
157,6.11418E+06,1.63554E-07,0.000126672
158,4.92947E+06,2.02861E-07,0.000134536
159,6.07996E+06,1.64475E-07,0.00013616
160,7.03334E+06,1.4218E-07,0.000131035
161,5.63679E+06,1.77406E-07,0.000117893
162,5.61997E+06,1.77937E-07,0.000129542
163,5.77583E+06,1.73135E-07,0.000133191
164,5.63981E+06,1.77311E-07,0.000129701
165,6.48568E+06,1.54186E-07,0.000123784
166,6.24056E+06,1.60242E-07,0.000129383
167,4.97992E+06,2.00806E-07,0.000126885
168,6.20838E+06,1.61073E-07,0.000131247
169,6.45154E+06,1.55002E-07,0.000133475
170,5.84625E+06,1.7105E-07,0.000127791
171,6.36268E+06,1.57166E-07,0.000127552
172,6.09139E+06,1.64166E-07,0.000127437
173,5.89436E+06,1.69654E-07,0.000126193
174,5.58465E+06,1.79062E-07,0.000129447
175,6.21451E+06,1.60914E-07,0.000121222
176,6.32169E+06,1.58186E-07,0.000128794
177,6.22437E+06,1.60659E-07,0.00012328
178,6.69852E+06,1.49287E-07,0.000127057
179,6.18389E+06,1.61711E-07,0.000126886
180,4.95103E+06,2.01978E-07,0.000121899
181,6.08639E+06,1.64301E-07,0.000129417
182,6.0634E+06,1.64924E-07,0.000128869
183,6.07285E+06,1.64667E-07,0.000126543
184,6.26445E+06,1.59631E-07,0.000128005
185,5.94506E+06,1.68207E-07,0.000127741
186,6.10833E+06,1.63711E-07,0.000121697
187,5.8152E+06,1.71963E-07,0.000127849
188,6.67656E+06,1.49778E-07,0.000129381
189,6.01935E+06,1.66131E-07,0.000126029
190,6.26612E+06,1.59588E-07,0.000133797
191,5.07666E+06,1.9698E-07,0.000126621
192,5.59374E+06,1.78771E-07,0.000130352
193,6.03072E+06,1.65818E-07,0.000125239
194,5.13758E+06,1.94644E-07,3.09817E-05
195,5.49607E+06,1.81948E-07,0.000130783
196,5.38917E+06,1.85557E-07,0.000127009
197,5.93672E+06,1.68443E-07,0.000128354
198,5.74602E+06,1.74033E-07,0.000133343
199,6.5707E+06,1.52191E-07,0.000131072
200,5.87542E+06,1.702E-07,0.000137011
201,4.92744E+06,2.02945E-07,0.0001326
202,6.02886E+06,1.65869E-07,0.000122992
203,5.75465E+06,1.73772E-07,0.000129146
204,5.75677E+06,1.73708E-07,0.00012804
205,6.36004E+06,1.57232E-07,0.000125565
206,5.44852E+06,1.83536E-07,0.000124348
207,6.02559E+06,1.65959E-07,0.000127472
208,5.54033E+06,1.80495E-07,0.000125084
209,6.34665E+06,1.57563E-07,0.000129919
210,6.37475E+06,1.56869E-07,0.000129611
211,5.88146E+06,1.70026E-07,0.000126095
212,5.62763E+06,1.77695E-07,0.000125576
213,5.82119E+06,1.71786E-07,0.000129478
214,5.67479E+06,1.76218E-07,0.000129393
215,0,0,0
216,6.46201E+06,1.5475E-07,0.000130376
217,6.0901E+06,1.64201E-07,0.000129348
218,6.59853E+06,1.51549E-07,0.000129196
219,5.64539E+06,1.77136E-07,0.000130871
220,6.06799E+06,1.64799E-07,0.000125527
221,5.8618E+06,1.70596E-07,0.000125948
222,4.95015E+06,2.02014E-07,0.000128891
223,5.76692E+06,1.73403E-07,0.000128762
224,6.73034E+06,1.48581E-07,0.000129044
225,5.87526E+06,1.70205E-07,0.000126638
226,4.66214E+06,2.14494E-07,0.000128138
227,5.80057E+06,1.72397E-07,0.000128825
228,6.37416E+06,1.56884E-07,0.000127438
229,5.57109E+06,1.79498E-07,0.000131984
230,5.60517E+06,1.78407E-07,0.000128746
231,6.20416E+06,1.61182E-07,0.00012297
232,6.52325E+06,1.53298E-07,0.000125765
233,5.99194E+06,1.66891E-07,0.000133069
234,4.61288E+06,2.16784E-07,0.000130441
235,5.88641E+06,1.69883E-07,0.000129337
236,6.35431E+06,1.57373E-07,0.000123889
237,6.04644E+06,1.65387E-07,0.000126541
238,4.46447E+06,2.23991E-07,0.000130632
239,5.83492E+06,1.71382E-07,0.000126533
240,6.36315E+06,1.57155E-07,0.00013559
241,6.25439E+06,1.59888E-07,0.000129341
242,6.08749E+06,1.64271E-07,0.000127802
243,5.78677E+06,1.72808E-07,0.000127069
244,6.37552E+06,1.5685E-07,0.000126008
245,5.35009E+06,1.86913E-07,0.000123522
246,5.08864E+06,1.96516E-07,0.000125374
247,6.14643E+06,1.62696E-07,0.000130802
248,5.48452E+06,1.82331E-07,0.000125113
249,5.99331E+06,1.66853E-07,0.000131264
250,5.78413E+06,1.72887E-07,0.00012964
251,6.52568E+06,1.53241E-07,0.00012833
252,0,0,0
253,6.64616E+06,1.50463E-07,0.000128786
254,6.00487E+06,1.66531E-07,0.000130474
255,6.30626E+06,1.58573E-07,0.000132196
256,6.45292E+06,1.54969E-07,0.000129883
257,5.6283E+06,1.77673E-07,0.000123773
258,6.13359E+06,1.63037E-07,0.000130787
259,5.63051E+06,1.77604E-07,0.000133631
260,6.0224E+06,1.66047E-07,0.000127419
261,4.89729E+06,2.04194E-07,0.000131653
262,5.90761E+06,1.69273E-07,0.000123735
263,6.33905E+06,1.57752E-07,3.63572E-05
264,5.24621E+06,1.90614E-07,0.000128568
265,5.52645E+06,1.80948E-07,0.0001238
266,5.82136E+06,1.71781E-07,0.000126666
267,6.08571E+06,1.64319E-07,0.000126982
268,6.03962E+06,1.65573E-07,0.000128633
269,6.28991E+06,1.58985E-07,0.000130552
270,5.87383E+06,1.70247E-07,0.000127602
271,5.47045E+06,1.828E-07,0.000126117
272,7.25056E+06,1.3792E-07,0.000127584
273,5.95069E+06,1.68048E-07,0.000121865
274,5.37627E+06,1.86003E-07,0.000130268
275,6.50368E+06,1.53759E-07,0.000128009
276,6.67832E+06,1.49738E-07,0.000125232
277,5.59611E+06,1.78696E-07,0.000126292
278,5.40674E+06,1.84954E-07,0.000124163
279,6.24194E+06,1.60207E-07,0.000131366
280,5.6988E+06,1.75475E-07,0.000129442
281,5.49746E+06,1.81902E-07,0.000124767
282,4.89975E+06,2.04092E-07,0.000123558
283,6.04848E+06,1.65331E-07,0.000133772
284,5.65416E+06,1.76861E-07,0.000124243
285,6.27418E+06,1.59383E-07,0.000131616
286,4.83059E+06,2.07014E-07,0.000125398
287,5.29745E+06,1.8877E-07,0.000130383
288,6.49611E+06,1.53938E-07,0.000122108
289,5.97069E+06,1.67485E-07,0.000135941
290,6.20653E+06,1.61121E-07,0.000128127
291,6.1161E+06,1.63503E-07,0.000127772
292,5.69248E+06,1.7567E-07,0.000125973
293,6.09632E+06,1.64033E-07,0.000130955
294,6.47131E+06,1.54528E-07,0.000128355
295,6.05218E+06,1.6523E-07,0.000129551
296,5.75424E+06,1.73785E-07,0.000127202
297,5.80784E+06,1.72181E-07,0.000124376
298,5.59228E+06,1.78818E-07,0.000132146
299,5.89384E+06,1.69669E-07,0.000130501
300,5.17912E+06,1.93083E-07,0.00012399
301,5.94549E+06,1.68195E-07,0.00013316
302,5.67442E+06,1.76229E-07,0.000127137
303,4.42945E+06,2.25762E-07,0.00012693
304,5.94916E+06,1.68091E-07,0.000130441
305,6.05588E+06,1.65129E-07,0.000126373
306,6.57309E+06,1.52135E-07,0.000130008
307,6.41858E+06,1.55798E-07,0.000124905
308,6.13416E+06,1.63022E-07,0.000132983
309,5.40043E+06,1.8517E-07,0.000135559
310,5.52553E+06,1.80978E-07,0.000132174
311,5.72484E+06,1.74677E-07,0.000116838
312,6.27008E+06,1.59488E-07,0.000126373
313,5.88647E+06,1.69881E-07,0.000125618
314,4.80366E+06,2.08175E-07,0.000127672
315,5.02445E+06,1.99027E-07,0.000131069
316,6.24359E+06,1.60164E-07,0.000130276
317,6.31296E+06,1.58404E-07,0.000126465
318,5.54403E+06,1.80374E-07,0.000128377
319,5.82624E+06,1.71637E-07,0.00012971
320,6.46455E+06,1.5469E-07,0.000129812
321,4.42598E+06,2.25939E-07,0.000129153
322,5.33793E+06,1.87339E-07,0.000126597
323,6.26115E+06,1.59715E-07,3.34167E-05
324,5.97575E+06,1.67343E-07,0.000129023
325,6.04577E+06,1.65405E-07,0.000131331
326,6.56279E+06,1.52374E-07,0.000130312
327,5.37415E+06,1.86076E-07,0.00012697
328,6.0504E+06,1.65278E-07,0.000124922
329,5.96683E+06,1.67593E-07,0.000133108
330,5.84219E+06,1.71169E-07,0.000125523
331,3.98895E+06,2.50693E-07,0.000132905
332,5.85053E+06,1.70925E-07,0.00012737
333,5.69248E+06,1.7567E-07,3.5808E-05
334,5.61595E+06,1.78064E-07,0.000127646
335,6.25543E+06,1.59861E-07,0.000120949
336,6.52393E+06,1.53282E-07,0.000136878
337,5.43029E+06,1.84152E-07,0.000129144
338,5.43098E+06,1.84129E-07,0.000127627
339,5.97475E+06,1.67371E-07,0.000130314
340,6.11511E+06,1.63529E-07,3.51187E-05
341,4.80523E+06,2.08107E-07,0.000129204
342,6.47209E+06,1.5451E-07,0.000131032
343,5.92577E+06,1.68754E-07,0.000130204
344,5.27196E+06,1.89683E-07,0.000130012
345,4.58367E+06,2.18166E-07,0.000125433
346,6.02438E+06,1.65992E-07,0.000128459
347,6.71969E+06,1.48816E-07,0.000130374
348,6.27263E+06,1.59423E-07,0.000130448
349,5.83676E+06,1.71328E-07,0.000134463
350,5.35264E+06,1.86824E-07,0.000130727
351,5.8527E+06,1.70861E-07,0.000125443
352,5.82094E+06,1.71794E-07,0.00013007
353,5.69881E+06,1.75475E-07,0.000133113
354,5.70504E+06,1.75284E-07,0.000122302
355,5.72686E+06,1.74616E-07,0.000128353
356,5.60307E+06,1.78473E-07,0.000125293
357,6.56724E+06,1.52271E-07,0.000126181
358,5.80893E+06,1.72149E-07,0.000123629
359,4.93399E+06,2.02676E-07,0.000125079
360,6.16966E+06,1.62084E-07,0.000129369
361,5.51649E+06,1.81275E-07,0.000124932
362,5.50133E+06,1.81774E-07,0.000127447
363,5.40876E+06,1.84885E-07,0.000127055
364,6.19092E+06,1.61527E-07,0.000125607
365,5.41315E+06,1.84735E-07,0.0001243
366,5.80886E+06,1.72151E-07,0.000132051
367,6.02249E+06,1.66044E-07,0.00013103
368,6.55585E+06,1.52536E-07,0.00012531
369,5.84435E+06,1.71106E-07,0.000127012
370,6.53044E+06,1.53129E-07,0.000121452
371,6.32109E+06,1.582E-07,0.000135352
372,6.96183E+06,1.4364E-07,0.000125888
373,5.34852E+06,1.86968E-07,0.000130743
374,5.84856E+06,1.70982E-07,0.000121847
375,5.91509E+06,1.69059E-07,0.000134259
376,5.31118E+06,1.88282E-07,0.000128822
377,5.75842E+06,1.73659E-07,0.000128161
378,5.58791E+06,1.78958E-07,0.000133337
379,6.20062E+06,1.61274E-07,0.000131572
380,5.32927E+06,1.87643E-07,0.00013359
381,5.77463E+06,1.73171E-07,0.00012833
382,5.40374E+06,1.85057E-07,0.00012048
383,6.0523E+06,1.65226E-07,0.000125559
384,5.56699E+06,1.7963E-07,0.000129096
385,6.09722E+06,1.64009E-07,0.000133813
386,6.02164E+06,1.66068E-07,0.000124846
387,5.93814E+06,1.68403E-07,0.000135128
388,6.46039E+06,1.54789E-07,0.000120581
389,5.89624E+06,1.69599E-07,0.000126407
390,4.57019E+06,2.18809E-07,0.000126233
391,5.73154E+06,1.74473E-07,0.000135455
392,6.19619E+06,1.6139E-07,0.000132849
393,6.51594E+06,1.5347E-07,0.000131655
394,6.53693E+06,1.52977E-07,0.000133024
395,6.6687E+06,1.49954E-07,0.000127547
396,6.69192E+06,1.49434E-07,0.000135701
397,5.81831E+06,1.71871E-07,0.000128084
398,5.53024E+06,1.80824E-07,0.000127744
399,6.0928E+06,1.64128E-07,0.000125596
400,6.00122E+06,1.66633E-07,0.000129441
401,6.51178E+06,1.53568E-07,0.000126557
402,6.3103E+06,1.58471E-07,0.000128562
403,0,0,0
404,6.04332E+06,1.65472E-07,0.000130167
405,6.15962E+06,1.62348E-07,0.000123926
406,6.38192E+06,1.56693E-07,0.000124999
407,6.17746E+06,1.61879E-07,0.000126878
408,6.34904E+06,1.57504E-07,0.000126537
409,6.12013E+06,1.63395E-07,0.000125783
410,6.5279E+06,1.53189E-07,0.000125756
411,6.18786E+06,1.61607E-07,0.000132388
412,6.04735E+06,1.65362E-07,0.000124461
413,6.29854E+06,1.58767E-07,0.000131348
414,6.42345E+06,1.5568E-07,0.000127148
415,5.95008E+06,1.68065E-07,0.000127017
416,4.7921E+06,2.08677E-07,0.00012588
417,5.4674E+06,1.82902E-07,0.000136109
418,5.73669E+06,1.74316E-07,0.000134578
419,5.58771E+06,1.78964E-07,0.000127209
420,5.07941E+06,1.96873E-07,0.000131913
421,6.61246E+06,1.5123E-07,0.000134112
422,6.09562E+06,1.64052E-07,0.00013473
423,6.19571E+06,1.61402E-07,0.000122942
424,5.63316E+06,1.7752E-07,0.000127741
425,6.40402E+06,1.56152E-07,0.000128242
426,6.0437E+06,1.65462E-07,0.000126663
427,6.5101E+06,1.53607E-07,0.000129839
428,6.49406E+06,1.53987E-07,3.63156E-05
429,5.66909E+06,1.76395E-07,0.000128037
430,5.9034E+06,1.69394E-07,0.000132338
431,4.9051E+06,2.03869E-07,0.000128913
432,5.72535E+06,1.74662E-07,0.000133261
433,6.27384E+06,1.59392E-07,0.000120935
434,5.4881E+06,1.82212E-07,0.000127895
435,5.20286E+06,1.92202E-07,0.000127587
436,5.91809E+06,1.68973E-07,0.000129304
437,5.44681E+06,1.83594E-07,0.000122337
438,5.92422E+06,1.68799E-07,0.00012313
439,6.22414E+06,1.60665E-07,0.000132194
440,5.96761E+06,1.67571E-07,0.000131114
441,5.63311E+06,1.77522E-07,0.000126463
442,5.71886E+06,1.7486E-07,0.000128519
443,6.64477E+06,1.50494E-07,0.000131164
444,6.46992E+06,1.54561E-07,0.000133234
445,6.5014E+06,1.53813E-07,0.000130562
446,5.64222E+06,1.77235E-07,0.000123588
447,5.8068E+06,1.72212E-07,0.000130575
448,5.77949E+06,1.73025E-07,0.000137457
449,6.11469E+06,1.63541E-07,0.000129834
450,5.62031E+06,1.77926E-07,0.000125464
451,4.07819E+06,2.45207E-07,0.000126464
452,5.67323E+06,1.76266E-07,0.000121136
453,5.78713E+06,1.72797E-07,0.000132812
454,7.08076E+06,1.41228E-07,0.000128862
455,6.21742E+06,1.60838E-07,0.00012258
456,5.25516E+06,1.90289E-07,0.000136222
457,5.8764E+06,1.70172E-07,0.000124956
458,6.49302E+06,1.54011E-07,0.000131969
459,5.85918E+06,1.70672E-07,0.000127353
460,6.13875E+06,1.629E-07,0.000126202
461,5.79836E+06,1.72463E-07,0.000125191
462,5.86937E+06,1.70376E-07,0.000124262
463,6.67239E+06,1.49871E-07,0.000127624
464,6.54967E+06,1.52679E-07,0.000135888
465,5.80314E+06,1.7232E-07,0.000125154
466,6.04304E+06,1.6548E-07,0.000118926
467,6.11943E+06,1.63414E-07,0.000124168
468,5.65707E+06,1.7677E-07,0.000128842
469,5.55938E+06,1.79876E-07,0.000132371
470,6.8274E+06,1.46469E-07,0.000138796
471,5.43937E+06,1.83845E-07,0.000130037
472,5.8352E+06,1.71374E-07,0.000123021
473,6.41069E+06,1.55989E-07,0.00013276
474,5.54514E+06,1.80338E-07,0.000126333
475,6.15179E+06,1.62554E-07,0.000124449
476,5.4033E+06,1.85072E-07,0.00013186
477,5.72223E+06,1.74757E-07,0.000121074
478,6.03166E+06,1.65792E-07,0.000124485
479,5.86329E+06,1.70553E-07,0.000123721
480,5.49348E+06,1.82034E-07,0.0001261
481,5.83334E+06,1.71428E-07,0.000125222
482,6.59773E+06,1.51567E-07,0.000124668
483,6.55439E+06,1.5257E-07,0.000130082
484,5.8012E+06,1.72378E-07,0.000126877
485,6.55255E+06,1.52612E-07,0.000131577
486,6.11297E+06,1.63587E-07,0.000128585
487,5.24579E+06,1.90629E-07,0.000121338
488,6.39331E+06,1.56414E-07,0.000129412
489,6.12812E+06,1.63182E-07,0.0001291
490,5.50106E+06,1.81783E-07,3.67847E-05
491,6.24754E+06,1.60063E-07,0.000125127
492,6.59422E+06,1.51648E-07,0.000126762
493,4.87838E+06,2.04986E-07,0.000128781
494,5.5164E+06,1.81278E-07,0.000123646
495,5.62445E+06,1.77795E-07,0.000131828
496,5.62264E+06,1.77853E-07,0.000122528
497,5.61629E+06,1.78053E-07,0.000124456
498,4.37724E+06,2.28454E-07,0.000128293
499,5.68208E+06,1.75992E-07,0.000129883
500,5.47686E+06,1.82586E-07,0.000130064
